intensity	F1(Hz)	F2(Hz)	F3(Hz)	F4(Hz)	F5(Hz)
0.00004	343.6	1482.7	2684.8	4080.8	--undefined--
0.00009	334.5	1473.2	2789.6	3880.4	--undefined--
0.0002	345.6	1427.5	2553.3	3571.2	--undefined--
0.0003	367.7	1048.7	2383.3	3430.9	--undefined--
0.002	396.0	1181.5	2556.1	3799.8	--undefined--
0.009	444.3	856.2	2869.9	3418.7	--undefined--
0.034	682.3	950.9	2819.1	3334.2	--undefined--
0.046	743.1	1169.9	2919.2	3540.8	--undefined--
0.074	933.4	1195.8	2840.5	3518.5	3523.6
0.064	933.4	1210.5	2745.0	3326.5	3974.1
0.089	942.4	1445.0	2676.3	3135.5	3540.4
0.080	940.8	1481.7	2402.7	3227.3	3769.4
0.143	939.3	1602.5	2432.8	3394.5	3960.4
0.290	819.5	1738.2	2480.6	3530.6	3851.0
0.284	755.3	1862.7	2791.9	3694.6	3890.6
0.071	611.5	1907.8	2884.2	3944.2	--undefined--
0.070	512.4	2008.5	2780.2	3854.3	--undefined--
0.040	503.0	2036.4	2824.6	3795.8	4399.7
0.023	439.2	2002.2	2834.9	3565.0	4374.2
0.012	392.6	1841.9	2838.1	3518.2	4274.3
0.015	313.6	1911.7	2693.4	3434.1	4398.3
0.010	432.1	2018.1	2779.6	3374.7	4560.6
0.010	345.8	2186.4	2856.9	3460.9	--undefined--
0.016	366.5	2241.2	2900.0	3485.8	--undefined--
0.025	394.0	2257.6	2870.6	3468.1	--undefined--
0.027	378.4	2231.4	2752.5	3476.2	5040.2
0.012	357.8	2317.1	2778.4	3575.7	--undefined--
0.002	334.1	2349.2	2852.7	3926.9	4999.1
0.009	442.3	2580.2	3369.6	4487.3	--undefined--
0.010	1466.2	2646.0	3686.7	4909.0	--undefined--
0.009	399.0	2490.0	3505.0	4381.8	5320.0
0.016	481.0	2552.8	3670.9	4785.2	--undefined--
0.007	713.0	2442.4	3671.4	4607.5	--undefined--
0.001	462.1	2161.8	3048.2	3784.6	4998.5
0.023	448.6	1586.8	2513.1	3456.4	--undefined--
0.081	627.4	1511.4	2517.4	3254.7	5143.9
0.057	758.4	1504.2	2749.6	3359.9	4869.8
0.077	753.5	1566.1	2550.1	3309.8	--undefined--
0.039	722.3	1636.0	2475.7	3392.4	4335.8
0.060	628.8	1563.1	2324.1	3446.3	5036.8
0.056	543.3	1483.9	2096.0	3372.1	3754.8
0.026	329.1	1387.0	1995.4	3486.8	4143.6
0.009	396.8	1370.6	2094.2	3396.1	--undefined--
0.003	387.1	993.4	2117.3	3303.8	--undefined--
0.001	403.0	1385.5	2497.5	3434.6	--undefined--
0.0009	467.7	1245.3	3150.2	3620.1	--undefined--
0.002	495.3	1255.4	3340.4	3587.1	--undefined--
0.003	498.1	1202.0	3398.6	3577.2	--undefined--
0.028	421.2	881.2	3379.2	3679.4	--undefined--
0.026	595.5	1014.1	3326.4	3694.4	--undefined--
0.017	818.1	1335.5	3198.9	3708.6	4665.6
0.077	1055.1	1218.9	3011.7	3790.3	4903.9
0.011	917.4	1462.9	3120.7	3821.0	4971.5
0.051	835.3	1476.5	2883.9	3853.6	4432.8
0.049	1011.8	1550.6	2792.5	3728.2	4795.6
0.033	589.0	1514.7	2866.0	3809.6	4846.7
0.353	920.1	1394.5	3490.7	3605.3	--undefined--
0.176	890.8	1434.9	3312.5	3780.0	--undefined--
0.132	851.7	1413.2	3358.6	3782.0	3946.4
0.076	741.6	1529.6	1689.0	3633.6	3911.0
0.061	649.2	1551.2	2409.5	3573.0	3952.0
0.005	513.4	1571.0	2977.5	3865.5	--undefined--
0.002	453.9	1554.4	2940.7	3922.7	--undefined--
0.004	487.1	1638.7	2899.7	3672.4	4489.2
0.003	445.1	2073.0	2689.5	3632.0	4037.3
0.003	575.1	2133.9	2815.0	3699.0	4480.5
0.004	452.2	1851.7	2804.6	3452.8	3877.2
0.0005	509.6	1920.0	3474.9	3640.4	--undefined--
0.0004	406.3	1660.2	3562.3	4018.9	4812.5
0.0005	501.8	1577.9	3330.8	4014.8	4943.8
0.0006	557.6	1569.7	3744.4	4622.3	4703.3
0.0005	536.9	1529.4	3457.3	4333.8	4953.5
0.001	480.1	1495.3	3661.3	3774.1	4878.3
0.006	522.7	1475.8	3573.9	4297.5	--undefined--
0.079	626.7	1557.3	2510.3	3601.8	--undefined--
0.083	673.8	1568.7	2480.5	3578.3	--undefined--
0.075	689.2	1567.2	2473.0	3656.5	4613.2
0.067	644.6	1533.2	2425.9	3681.4	3981.5
0.048	612.4	1491.8	2465.6	3745.7	3996.0
0.004	626.8	1467.3	2363.5	3574.3	--undefined--
0.0003	592.7	1503.4	2616.6	3728.8	--undefined--
0.0002	622.3	1568.0	2613.8	3770.6	--undefined--
0.00009	655.7	1618.4	2833.2	3969.3	--undefined--
0.00002	611.1	1498.1	2683.6	3891.1	5283.0
0.0002	1383.1	1693.4	3997.7	4580.2	--undefined--
0.001	1310.7	1964.1	3762.7	4831.5	--undefined--
0.005	382.1	1703.9	3996.9	4586.2	--undefined--
0.047	547.7	1626.5	2278.5	3823.7	--undefined--
0.056	448.1	2038.5	2325.6	3879.1	--undefined--
0.033	330.0	2077.6	2518.8	4088.3	5076.2
0.111	249.4	2169.3	2524.8	3430.3	5107.7
0.077	252.2	2238.4	2647.3	3743.5	4967.4
0.041	339.3	2252.0	2727.2	4208.7	--undefined--
0.028	2136.4	2926.9	4351.5	5206.9	--undefined--
0.023	2347.5	3077.2	4200.1	4968.7	--undefined--
0.013	2244.7	2587.1	4104.4	4958.6	--undefined--
0.028	2161.7	2776.5	4229.5	4696.4	--undefined--
0.025	2368.6	3101.1	3780.5	4564.6	--undefined--
0.0004	1995.9	2623.2	4131.3	4738.1	--undefined--
0.00009	1541.1	2323.9	3730.2	4548.0	--undefined--
0.00006	1205.8	2132.5	3741.8	4524.6	--undefined--
0.004	541.5	1076.3	3162.8	4276.1	--undefined--
0.024	739.2	1690.6	3152.4	4303.8	5175.9
0.068	506.5	1822.6	2658.9	4045.7	4508.3
0.100	735.4	1633.2	3375.5	4080.8	--undefined--
0.375	918.9	1019.5	2748.1	3897.4	--undefined--
0.460	897.9	1292.1	2671.4	3621.8	4642.9
0.206	838.3	1230.4	2712.8	3547.9	--undefined--
0.117	834.3	1310.0	2822.7	3725.4	4994.6
0.189	851.1	1280.2	2796.7	3891.8	5336.7
0.243	872.4	1238.7	2969.5	3704.5	--undefined--
0.239	891.7	1375.3	2869.9	3822.4	--undefined--
0.197	908.6	1331.5	2828.1	3743.1	--undefined--
0.270	947.0	1530.2	2741.8	3788.9	4976.5
0.299	852.0	1512.6	2527.9	3994.9	4745.8
0.117	814.5	1395.0	2450.8	4013.6	--undefined--
0.009	1173.3	1965.9	3322.3	4380.4	--undefined--
0.004	847.8	1679.3	2972.6	4122.8	--undefined--
0.0006	960.8	1476.6	2777.1	4234.8	4938.9
0.0002	1016.6	1516.3	2772.5	3811.9	--undefined--
0.0001	930.3	1576.2	2726.1	3908.2	--undefined--
0.004	905.4	2160.0	3662.6	4100.4	4876.7
0.007	1559.1	2529.7	3900.7	4606.7	--undefined--
0.015	323.9	1927.2	2560.6	4051.3	5151.2
0.019	1676.3	2447.9	3922.0	4787.1	--undefined--
0.032	1396.5	2276.4	3262.1	3871.6	--undefined--
0.024	1010.2	2380.7	3009.1	3701.9	--undefined--
0.013	627.7	1364.4	2452.8	3688.8	4784.3
0.013	565.0	1278.7	2488.9	3430.3	5242.9
0.009	587.1	1251.8	2460.1	3450.2	5020.4
0.002	1151.7	2367.0	3489.3	4654.6	--undefined--
0.0009	1309.9	2441.8	3516.2	4770.0	--undefined--
0.002	869.7	2450.3	3856.5	4158.3	--undefined--
0.021	473.6	1392.7	2359.7	3348.1	4060.9
0.028	437.5	2134.3	2763.7	3555.3	4286.4
0.047	457.0	2179.2	2729.6	3537.5	4563.0
0.067	451.3	2180.9	2929.4	3617.1	4505.0
0.056	428.6	2173.4	3003.8	3589.3	4470.2
0.053	461.8	2192.1	2934.6	3542.7	4353.5
0.020	507.8	2114.0	2403.6	3385.2	4236.7
0.002	371.9	1802.6	2415.7	3402.3	4062.8
0.0001	380.5	2038.8	2916.4	3458.0	4133.7
0.00003	1346.6	2152.6	3373.8	4378.6	--undefined--
0.000004	1111.5	2342.0	3588.2	4935.8	--undefined--
0.0008	1194.2	2459.8	2986.1	3908.7	--undefined--
0.001	1433.8	2988.5	3674.8	4448.5	--undefined--
0.0007	1756.4	3451.4	3494.7	5328.4	--undefined--
0.002	1074.3	2133.7	3131.5	4185.2	--undefined--
0.020	1177.2	2547.0	3258.8	4616.5	--undefined--
0.028	1311.9	2528.3	3420.7	5076.6	--undefined--
0.050	1320.1	2517.6	3286.3	4349.8	--undefined--
0.203	635.2	1872.5	2602.2	3445.6	4433.1
0.618	705.0	2136.6	2749.2	3715.3	--undefined--
0.595	508.5	2201.7	2849.1	3691.8	--undefined--
0.680	563.9	2204.5	2860.0	3678.9	--undefined--
0.727	521.0	2236.9	2907.8	3743.0	--undefined--
0.878	807.8	2251.9	2969.5	3964.9	--undefined--
0.927	480.1	2261.5	2788.8	3947.5	4656.9
1.004	566.6	2106.6	2646.8	3403.5	4502.3
1.239	569.3	2102.9	2755.3	3640.7	4192.7
1.009	659.6	2122.4	2829.8	4045.6	--undefined--
0.852	657.7	2131.1	2887.5	3102.9	4374.5
0.847	675.0	2125.3	2887.2	3241.8	4394.8
0.813	700.0	2118.7	2784.3	3497.7	4487.4
0.700	624.2	2092.9	2640.9	3481.9	4260.8
0.471	683.0	2064.8	2491.6	3284.0	4311.4
0.443	657.3	2082.6	2445.0	3087.3	4252.6
0.537	628.5	2192.2	2553.5	3327.7	4149.6
0.321	584.7	2203.6	2746.4	3771.3	4293.1
0.273	620.8	2223.8	2693.0	3667.0	4776.8
0.193	548.2	2315.9	2858.0	3743.0	5115.1
0.156	508.7	2259.0	2737.3	3698.8	--undefined--
0.085	569.9	2266.8	2646.7	3754.6	5036.3
0.046	495.9	2288.8	2653.2	3846.8	--undefined--
0.020	478.1	2224.3	2632.7	3790.8	--undefined--
0.010	491.6	2167.1	2580.1	3725.0	--undefined--
0.003	378.6	1971.5	2472.3	3694.8	--undefined--
0.0005	1859.4	2523.3	3892.1	--undefined--	--undefined--
0.0003	1753.4	2513.0	3199.0	4860.8	--undefined--
0.0005	1610.9	2389.9	3973.6	5007.7	--undefined--
0.0009	1509.8	2436.8	3794.4	4886.4	--undefined--
0.0003	1563.2	2411.4	4339.3	5085.0	--undefined--
0.0002	1548.9	2837.9	4108.1	4867.9	--undefined--
0.0003	385.2	2287.5	4221.5	5011.4	--undefined--
0.0002	1877.7	4269.7	4573.7	5116.7	--undefined--
0.0001	1250.0	2701.2	3920.9	4925.5	--undefined--
0.00005	1193.1	2689.0	4436.0	4986.7	--undefined--
0.0000009	1254.5	2423.9	3920.3	5188.6	--undefined--
0.0000006	1337.6	2475.7	4230.3	--undefined--	--undefined--
0.0000004	969.6	2063.5	3408.4	5443.7	--undefined--
0.0000002	1209.3	2358.1	3025.3	5419.6	--undefined--
0.0000002	1065.2	2048.8	2972.4	5436.3	--undefined--
0.0000002	1407.8	2511.7	3248.7	5426.9	--undefined--
0.0000002	1165.2	2164.1	2849.0	5441.3	--undefined--
0.0000002	1198.5	2108.9	3153.1	5413.3	--undefined--
0.0000002	1106.3	2043.6	2926.7	5420.1	--undefined--
0.0000002	1171.7	2299.1	3274.1	5415.9	--undefined--
0.0000002	1167.6	2333.1	3060.1	5414.8	--undefined--
0.0000002	1626.6	2087.4	3111.5	5407.1	--undefined--
0.0000001	1189.4	2254.5	3072.7	5415.2	--undefined--
0.0000001	1027.5	2301.0	3128.6	5410.0	--undefined--
0.0000001	1419.3	2862.6	2908.4	5434.4	--undefined--
0.0000001	1368.7	2353.8	3125.4	5434.0	--undefined--
0.0000001	1174.3	2044.8	3200.9	5415.1	--undefined--
0.0000001	996.1	1932.0	3303.2	5437.5	--undefined--
0.0000001	1023.9	2320.2	2984.2	5411.7	--undefined--
0.0000001	1297.8	1977.7	3127.0	5410.2	--undefined--
0.0000001	1054.2	2321.9	3052.7	5439.3	--undefined--
0.0000001	1304.3	2385.4	3088.6	5416.5	--undefined--
0.0000001	1119.7	2325.8	3157.2	5422.8	--undefined--
0.0000001	1241.9	2199.5	3304.3	5415.4	--undefined--
0.0000001	1306.1	2181.3	3013.1	5441.0	--undefined--
0.0000001	1130.2	2113.7	3130.9	5431.7	--undefined--
0.0000001	896.7	1985.9	2888.7	5443.7	--undefined--
0.0000001	1220.5	1970.2	3109.6	5430.0	--undefined--
0.0000001	854.8	2087.6	2950.0	5444.6	--undefined--
0.00000010	1108.8	2411.5	2604.1	5443.3	--undefined--
0.00000010	1116.6	2176.1	3204.8	5441.1	--undefined--
0.00000010	1272.8	2163.8	3264.6	5443.0	--undefined--
0.00000009	1239.1	2143.7	3126.4	5443.9	--undefined--
0.0000001	1517.5	2500.2	3368.7	5427.1	--undefined--
0.0000005	720.6	1890.8	2849.1	3605.5	--undefined--
0.000002	1816.9	2805.7	3533.8	--undefined--	--undefined--
0.000006	1284.1	2105.8	2909.2	3937.2	--undefined--
0.0003	1967.9	2670.0	3995.4	--undefined--	--undefined--
0.010	328.5	1943.4	2648.5	3321.1	4120.3
0.030	389.9	1912.1	2411.5	3193.8	4096.2
0.080	444.1	1629.7	2273.6	3418.5	4184.7
0.055	624.4	1443.1	2277.3	3467.7	3902.9
0.081	676.5	1341.3	2402.2	3542.9	4099.1
0.065	625.2	1055.2	2372.0	3458.0	4538.4
0.002	668.0	1704.6	2090.3	3477.8	--undefined--
0.002	660.5	1297.6	2276.6	3583.2	--undefined--
0.0004	536.2	1362.7	2386.2	3536.9	--undefined--
0.0001	706.2	1468.4	2309.5	3616.5	--undefined--
0.00008	743.4	1355.9	2638.4	3560.5	5198.4
0.001	1066.3	1426.6	2664.0	3647.5	4765.5
0.009	892.3	2385.7	3538.2	4945.5	--undefined--
0.065	599.3	1038.5	2338.6	3516.0	4561.0
0.267	921.2	1139.9	2312.2	3580.3	--undefined--
0.217	820.2	1277.2	2232.6	3441.7	3550.6
0.255	732.7	1362.9	2121.4	3150.6	--undefined--
0.258	621.3	1413.1	1955.7	2860.2	5143.5
0.204	592.0	1497.5	1733.9	2781.8	--undefined--
0.034	794.1	1186.5	1611.5	2764.0	5418.1
0.041	707.4	1444.3	2005.6	2803.5	4499.0
0.184	632.7	1361.6	2095.9	2798.0	4701.6
0.206	648.6	1209.4	2694.8	3187.6	--undefined--
0.072	983.4	1029.5	2755.7	3310.1	--undefined--
0.017	924.6	1695.1	2635.8	3771.9	--undefined--
0.005	804.2	1424.5	2757.0	3771.6	--undefined--
0.004	904.3	1694.2	2605.1	3778.6	--undefined--
0.003	275.3	1117.7	2672.3	3797.4	--undefined--
0.007	1034.2	2542.7	3719.8	4475.0	--undefined--
0.051	660.3	940.2	2707.9	3266.3	3876.1
0.117	785.1	1030.1	2760.6	3343.0	3703.4
0.113	830.7	1196.3	2831.5	3076.4	3685.4
0.139	859.3	1342.3	2732.5	3383.3	3768.4
0.143	848.9	1503.3	2621.0	3562.9	4512.4
0.082	747.3	1778.3	2460.4	3129.4	4080.7
0.059	673.3	1752.7	2651.5	3645.2	4066.1
0.008	772.3	1639.2	2739.0	4268.5	--undefined--
0.013	584.7	1645.5	2544.8	2911.9	4152.3
0.026	577.9	1190.1	2729.2	3508.8	4123.8
0.028	559.3	1191.7	2755.2	3534.8	4019.3
0.091	805.7	1296.1	2786.8	3956.5	--undefined--
0.106	850.8	1302.8	2868.3	4142.7	4416.9
0.058	892.4	1309.4	2618.8	4070.2	5447.9
0.063	925.2	1263.3	2474.6	3778.1	4876.6
0.071	959.4	1254.3	2959.2	3640.5	--undefined--
0.042	1204.2	1216.9	2998.0	3884.5	--undefined--
0.037	1065.9	1340.6	2730.8	3452.2	4840.6
0.045	1011.7	1457.4	2699.4	3529.0	4738.8
0.034	1002.7	1628.0	3016.7	3893.3	--undefined--
0.021	1010.5	1512.7	2866.1	3008.7	4482.6
0.029	819.3	1962.9	3407.4	4583.9	--undefined--
0.041	736.1	1929.0	2696.4	3522.0	5015.5
0.013	544.6	1838.7	2545.4	3856.1	4807.7
0.007	487.9	2346.3	2949.5	4223.5	--undefined--
0.001	444.1	2093.5	3066.8	4440.0	--undefined--
0.0003	759.2	2286.6	3375.1	4875.5	--undefined--
0.00002	520.7	1144.5	3307.0	3876.5	5035.5
0.0002	477.5	662.2	3504.0	4430.4	5013.9
0.0003	726.9	2766.1	3876.6	4543.8	--undefined--
0.0008	265.8	2565.0	3648.8	4091.8	4937.7
0.0007	315.5	1965.5	3839.6	4820.8	--undefined--
0.002	352.5	1997.9	3579.4	4444.9	--undefined--
0.006	409.0	1984.5	3582.6	3901.6	--undefined--
0.009	411.0	1791.2	2279.4	3595.9	4464.5
0.013	416.0	1538.2	2360.0	3691.0	4335.2
0.011	455.8	1432.8	2440.2	3839.8	4132.6
0.027	642.5	1413.1	2334.5	3836.4	4166.7
0.032	863.1	1300.3	2210.2	3616.9	3893.4
0.024	788.7	1292.3	2423.8	3968.6	4177.3
0.049	750.6	1318.2	2438.0	3785.1	4062.1
0.043	763.4	1355.4	2363.1	3893.0	3962.6
0.019	747.9	1489.8	2496.9	3695.2	--undefined--
0.008	869.3	1626.0	2489.4	3893.5	4921.9
0.010	754.1	1877.0	2665.8	3421.9	4526.8
0.004	684.7	1929.7	2698.1	3563.2	4450.8
0.018	585.8	2025.5	2764.6	4327.6	--undefined--
0.054	631.7	2064.1	2740.0	3553.0	4469.9
0.053	598.3	2068.6	2892.7	3025.3	4298.2
0.050	555.3	2002.2	2888.2	4272.5	--undefined--
0.103	538.7	1952.1	2831.4	3568.5	4510.5
0.046	575.7	1683.2	2727.6	3517.4	4349.5
0.097	624.3	1775.9	2459.4	3851.0	--undefined--
0.066	605.4	1640.0	2490.1	3605.1	4311.6
0.004	616.0	1324.5	2460.4	3658.2	5118.7
0.002	674.8	1500.6	2642.7	3540.9	4861.1
0.001	946.4	2296.9	3964.0	--undefined--	--undefined--
0.001	1063.5	2071.6	3546.3	3975.4	--undefined--
0.005	1284.8	1939.1	2786.5	3903.2	--undefined--
0.015	463.1	1858.2	2180.3	2745.1	5004.8
0.015	519.3	1972.2	2222.5	2765.6	4537.9
0.016	617.1	2105.6	2676.9	4553.3	--undefined--
0.012	536.6	2123.8	2707.2	2807.5	4673.5
0.012	475.6	1992.5	2764.2	3032.8	4649.7
0.0007	357.3	1771.9	2714.2	4107.5	--undefined--
0.0001	233.3	2141.8	2749.6	4180.9	--undefined--
0.00005	412.8	2068.2	2615.5	4376.8	--undefined--
0.00001	438.9	2000.5	2795.2	4227.7	--undefined--
0.00002	536.2	2166.9	2822.0	4166.3	--undefined--
0.00002	565.1	2071.7	2830.5	3741.1	4713.5
0.0002	521.5	1965.7	2939.7	4203.3	4881.4
0.0008	428.6	1988.4	3027.4	4221.0	--undefined--
0.012	427.9	2024.7	2703.0	4010.7	4795.1
0.039	392.8	2075.6	2722.1	3925.7	4314.1
0.041	397.0	2083.4	2685.9	3933.0	4313.2
0.053	461.7	2106.3	2659.5	3861.4	4303.0
0.049	425.7	2139.9	2654.1	3905.3	4279.2
0.055	421.0	2168.4	2686.3	3823.5	4261.7
0.048	460.7	2179.6	2666.0	3852.9	4170.6
0.066	395.5	2242.0	2671.5	3859.6	4315.5
0.032	375.5	2226.5	2667.3	3783.6	4301.9
0.007	368.1	2230.9	2660.8	3740.5	4347.3
0.0006	361.5	2352.3	3696.0	3897.5	--undefined--
0.0002	639.6	2363.7	3329.9	4021.3	--undefined--
0.000002	1049.1	2233.0	3362.3	3756.0	--undefined--
0.000002	1129.9	2373.4	2721.1	3950.5	--undefined--
0.000002	382.8	1361.1	2657.8	3716.3	--undefined--
0.000002	994.5	2490.1	3183.6	3695.8	--undefined--
0.000004	646.5	2165.0	2347.6	3697.2	--undefined--
0.0001	885.3	1345.4	2570.1	3831.4	--undefined--
0.0002	898.3	1281.6	2538.8	3788.6	--undefined--
0.0007	745.8	1409.9	2602.1	3826.7	--undefined--
0.004	786.4	1142.1	2512.7	3606.6	--undefined--
0.048	708.6	1541.9	2394.6	3569.8	4579.2
0.028	531.5	1572.9	2361.4	3297.6	4464.3
0.0004	1501.0	2266.4	3460.6	4480.4	--undefined--
0.0001	568.3	1862.0	2273.4	3966.7	4903.3
0.00003	559.0	1453.1	3053.2	3508.5	--undefined--
0.008	1163.6	1430.5	2993.5	4013.7	4342.5
0.021	867.5	1425.0	3364.1	4248.1	--undefined--
0.002	365.1	1156.8	3326.2	4052.7	--undefined--
0.016	590.9	1196.6	2525.2	3582.8	4188.4
0.019	562.1	1248.5	2658.4	3851.5	4295.1
0.004	480.2	1309.4	2726.0	3874.9	--undefined--
0.0003	345.9	1293.6	2687.3	3913.4	--undefined--
0.0001	309.9	1342.6	2816.3	4023.4	--undefined--
0.001	289.5	1436.4	2773.4	3511.1	4684.0
0.023	291.9	1405.2	2668.1	3195.0	4610.9
0.186	788.4	1632.7	2838.7	3701.1	--undefined--
0.284	926.7	1540.1	2317.0	3147.0	3722.7
0.313	968.2	1516.1	2562.2	3547.3	3701.9
0.286	975.9	1576.9	2540.9	3723.1	--undefined--
0.164	827.2	1607.1	2534.5	3875.6	4513.7
0.062	734.2	1513.0	2567.3	3424.0	4076.2
0.028	510.4	1577.2	2568.9	2986.4	4526.9
0.013	486.7	1564.3	2498.0	2638.6	4607.3
0.001	410.7	1613.0	2663.6	4411.1	--undefined--
0.0004	658.9	1651.2	2675.9	4507.0	--undefined--
0.003	347.6	1353.5	2612.7	4420.7	--undefined--
0.041	473.9	1201.1	2595.1	3655.2	4413.4
0.050	519.6	1040.4	2776.1	3542.0	4589.3
0.054	595.3	871.0	2888.1	3483.5	5094.6
0.018	457.5	863.1	2811.4	3469.9	5049.0
0.023	477.4	917.9	2823.9	3441.8	--undefined--
0.073	746.5	756.7	2951.3	3416.7	--undefined--
0.161	702.0	943.2	2890.6	3462.7	4288.5
0.129	749.8	971.3	2765.5	3540.3	--undefined--
0.106	751.1	1005.2	2878.7	3464.0	5400.1
0.118	768.9	1030.8	2782.5	3534.3	--undefined--
0.120	802.9	1046.6	2701.3	3570.5	--undefined--
0.100	711.9	1057.8	2680.7	3228.3	3712.1
0.041	562.7	1046.1	2760.9	3712.1	3727.4
0.004	983.5	1303.9	2756.5	3702.9	--undefined--
0.003	832.0	1047.8	2779.2	3742.5	--undefined--
0.007	462.1	1140.2	2521.6	3441.6	4378.1
0.010	481.3	986.3	2680.2	3392.6	4331.9
0.010	463.7	897.4	2640.6	3408.1	4362.9
0.010	496.6	887.2	2665.6	3429.5	4188.9
0.018	479.7	911.2	2674.1	3349.6	4292.7
0.023	456.3	1061.8	2559.9	3346.9	4234.8
0.032	445.7	1238.4	2514.2	3275.8	4269.0
0.017	397.1	1522.8	2477.0	3378.9	4351.0
0.002	363.5	1417.5	2448.3	3378.6	4539.6
0.0005	406.7	1434.2	2428.5	3356.1	4779.3
0.0004	1401.9	2315.6	3612.0	--undefined--	--undefined--
0.002	1363.2	2465.1	3675.4	5160.0	--undefined--
0.040	535.5	1489.3	2442.3	3516.6	3980.0
0.228	655.9	1443.7	2458.2	3377.9	3748.1
0.265	840.7	1436.8	2698.3	3612.0	4583.7
0.149	849.8	1327.4	2665.1	3601.9	3839.6
0.157	876.2	1336.0	2649.2	3667.9	3704.4
0.146	894.9	1349.3	2830.5	3550.6	3771.5
0.128	949.7	1421.6	2747.4	3220.3	3756.1
0.094	907.8	1416.3	2610.5	3596.1	--undefined--
0.064	784.4	1355.7	2700.1	3524.3	--undefined--
0.065	722.7	1373.1	2677.6	3708.1	--undefined--
0.046	568.3	1612.5	2506.6	3243.5	4720.2
0.002	708.3	1455.8	2902.5	3618.3	5060.5
0.0007	793.0	1268.8	3211.8	3781.1	5005.2
0.004	1052.8	2293.4	3034.6	3812.6	5031.8
0.007	1198.2	2659.1	3385.1	4371.0	--undefined--
0.010	2252.7	3131.3	3917.5	5362.1	--undefined--
0.009	2076.6	2718.8	3529.7	4244.3	--undefined--
0.001	1802.3	2630.8	3565.5	4814.2	--undefined--
0.004	443.9	1768.1	2469.3	3554.5	4693.4
0.007	383.9	1737.6	2505.3	3582.8	4580.8
0.005	378.8	1354.7	2585.4	3491.7	4472.1
0.003	375.9	1157.6	2585.2	3502.1	4465.5
0.001	357.2	1111.4	2653.0	3513.2	4570.8
0.0007	326.1	1177.6	2585.3	3527.9	4542.9
0.0008	295.8	1208.0	2585.7	3547.1	4742.0
0.003	1331.8	2552.8	3449.7	4826.8	--undefined--
0.018	361.8	1820.1	2538.8	3420.5	4387.5
0.023	337.5	2032.4	2599.7	3434.1	4337.0
0.019	307.8	2106.7	2737.7	3411.3	4356.9
0.012	305.6	2149.8	2768.9	3426.3	4316.2
0.004	316.7	2195.5	2854.4	3443.9	4497.8
0.002	314.9	2551.7	2659.3	3427.9	4402.0
0.002	309.5	2589.6	3549.2	4712.1	--undefined--
0.004	355.8	2612.8	3907.3	4395.3	--undefined--
0.002	522.2	2585.7	3556.0	4508.3	5317.0
0.004	576.3	2655.6	4062.3	5216.6	--undefined--
0.003	614.5	2991.0	3004.5	4281.2	5233.6
0.005	546.0	1835.5	3400.3	4139.4	4919.6
0.006	444.9	1475.0	2757.1	3514.1	5172.4
0.040	551.2	1442.6	2680.2	3463.2	5115.3
0.059	761.7	1449.5	2341.3	3413.8	5046.8
0.077	774.7	1366.0	2513.8	3520.6	--undefined--
0.049	674.1	1333.9	2520.3	3561.4	4208.7
0.039	707.7	1315.5	2597.3	3542.4	--undefined--
0.026	703.8	1317.8	2535.3	3836.5	--undefined--
0.004	580.0	1377.8	2783.2	4046.7	--undefined--
0.0006	822.0	1374.3	2846.4	4039.5	--undefined--
0.0001	802.1	1311.3	2935.4	3972.5	--undefined--
0.00004	607.2	1285.1	2383.0	3611.6	--undefined--
0.00002	563.7	1245.4	2469.2	3642.2	--undefined--
0.000008	558.8	1354.3	3086.3	3278.2	--undefined--
0.000004	533.8	1315.4	2639.2	3798.5	--undefined--
0.0000006	760.8	1833.2	3046.6	3823.8	5445.6
0.00000005	1443.7	2244.1	3224.3	5442.9	--undefined--
0.00000004	1463.0	2444.8	2804.0	5444.6	--undefined--
0.00000004	1726.3	1789.1	3132.2	5444.0	--undefined--
0.00000004	1246.1	1974.7	3123.7	5440.3	--undefined--
0.00000004	1332.2	2125.0	3090.8	5444.4	--undefined--
0.00000003	1491.0	2238.6	3347.8	5444.9	--undefined--
0.00000003	1251.7	2061.1	3107.7	5445.1	--undefined--
0.00000003	1268.0	2162.2	3202.4	5444.9	--undefined--
0.00000003	1122.0	2415.5	3068.8	5444.4	--undefined--
0.00000003	1034.9	2213.4	2990.9	5445.5	--undefined--
0.00000003	1030.9	2150.9	3142.4	5445.2	--undefined--
0.00000003	1315.2	2177.1	3385.7	5445.2	--undefined--
0.00000002	1280.0	2362.0	3427.7	5445.6	--undefined--
0.00000002	1283.9	2480.2	3085.0	5445.2	--undefined--
0.00000002	1477.8	2465.2	3153.3	5445.0	--undefined--
0.00000002	1250.6	2180.8	3255.5	5444.2	--undefined--
0.00000002	1307.9	2307.8	3263.4	5444.8	--undefined--
0.00000002	1541.3	2169.4	3397.4	5445.5	--undefined--
0.00000002	1301.2	2388.3	3101.4	5445.0	--undefined--
0.00000002	1219.2	2289.5	3127.2	5445.5	--undefined--
0.00000002	1652.0	2174.7	3201.3	5444.3	--undefined--
0.00000002	935.3	2185.0	3163.2	5445.2	--undefined--
0.00000001	1436.2	2238.3	3381.0	5444.9	--undefined--
0.00000001	1009.6	2204.6	2979.8	4339.5	5445.5
0.00000001	1036.6	2033.4	3101.6	4132.8	5445.5
0.00000001	1089.7	2092.1	3145.1	5445.6	--undefined--
0.00000001	1003.7	2053.8	3414.4	4300.7	5445.8
0.00000001	923.9	2076.9	3102.5	4568.8	5445.1
0.000000009	829.5	2032.4	3016.1	5445.4	--undefined--
0.000000008	1192.0	2309.3	3220.4	5445.7	--undefined--
0.000000007	1458.8	1512.9	2758.7	4199.9	5445.1
0.000000006	964.0	2165.8	2832.6	4428.7	5445.9
0.000000005	1183.2	2208.3	3103.8	3914.0	5447.5
0.000000005	1536.7	2460.6	3489.9	5446.3	--undefined--
0.000000004	895.3	1961.4	2877.1	4519.6	5448.9
0.000000004	961.6	1890.5	2963.8	4353.1	5449.5
0.000001	892.6	2053.7	2983.0	5446.7	--undefined--
0.0000008	914.8	2105.1	2352.9	3532.2	--undefined--
0.000001	1073.1	1728.7	2449.9	3992.7	--undefined--
0.000002	373.5	1645.3	2758.6	4058.8	5091.4
0.000002	340.7	1731.5	2349.5	2861.1	4998.3
0.000003	866.3	1945.1	3105.1	4891.3	--undefined--
0.000006	774.8	1905.7	3218.7	4892.8	--undefined--
0.00001	1583.2	2445.5	2699.5	4823.7	--undefined--
0.00001	1144.4	2069.8	2768.2	4790.5	--undefined--
0.00003	1042.5	2506.3	3228.7	4905.0	--undefined--
0.00007	1080.8	2414.8	3910.5	4912.3	--undefined--
0.0003	971.2	2533.1	3111.8	4004.4	--undefined--
0.004	380.9	2461.3	2833.9	3889.5	--undefined--
0.027	388.2	1923.3	2680.4	3618.5	4665.1
0.028	358.6	2107.5	2619.7	3571.8	4731.0
0.076	337.9	2651.3	2782.4	3862.7	4707.7
0.516	382.2	2623.6	3525.1	4039.4	5018.6
0.890	696.9	2691.9	3869.9	4252.9	4993.5
0.507	622.7	2823.3	3759.7	4455.6	5101.8
1.210	695.9	2775.2	3988.8	4591.9	4968.9
1.966	811.8	3160.9	3444.5	4704.4	4994.0
0.640	658.9	2627.0	4010.6	4663.6	--undefined--
0.026	531.9	2704.5	4042.0	4759.3	--undefined--
0.006	536.0	2616.1	2857.9	4269.6	4854.6
0.361	742.8	2618.4	3000.4	4292.1	4654.6
0.030	779.1	2724.3	3012.3	3657.4	4848.6
0.019	536.4	906.3	2476.8	3940.5	4904.1
0.028	407.6	1948.1	2526.5	3769.8	4851.4
0.021	722.0	2486.2	4018.6	4858.8	--undefined--
0.012	560.4	1529.6	2366.4	4059.0	4731.7
0.019	620.0	1085.2	2388.2	4000.9	4787.8
0.008	489.3	1223.4	2249.3	4217.7	4794.4
0.008	568.0	1245.8	2338.6	3917.4	4801.1
0.015	509.7	758.5	2383.0	4006.9	4917.9
0.012	638.4	787.4	2440.6	4057.9	4805.0
0.013	502.5	1145.9	2577.0	3924.1	4918.3
0.010	789.5	2677.3	4205.8	4748.0	--undefined--
0.005	942.2	2527.7	4059.7	4423.2	--undefined--
0.011	321.7	1635.3	2547.7	3953.3	4686.9
0.012	230.3	683.2	2480.1	3882.9	4639.9
0.002	271.7	971.7	2535.5	4412.7	4829.4
0.002	364.4	1453.3	2551.0	4520.9	4810.1
0.004	685.7	2429.7	3418.8	4823.8	--undefined--
0.008	393.3	1936.4	2479.2	3930.5	4974.5
0.015	443.7	1991.8	2555.6	4135.0	5084.2
0.035	384.8	2160.5	2623.6	3898.7	5007.4
0.013	774.6	2541.3	3092.0	4280.3	--undefined--
0.037	370.1	2200.9	2974.0	4151.6	4861.0
0.129	419.9	2643.0	2817.2	4028.0	4439.2
0.083	662.4	2657.8	2983.0	4122.8	4362.7
0.082	600.0	2680.6	3064.1	4095.3	4301.4
0.042	911.1	2926.4	3071.5	4311.6	--undefined--
0.011	781.8	2542.7	3138.7	4279.4	--undefined--
0.008	839.8	2509.8	3125.8	4149.4	--undefined--
0.006	802.4	2627.4	2669.5	3858.5	4996.4
0.011	943.9	1873.9	2677.1	4019.4	4801.3
0.0008	652.2	2158.0	2816.4	4120.4	4617.9
0.0007	585.3	1596.6	2667.8	3836.4	5103.8
0.00002	999.1	2169.5	3144.1	4185.9	--undefined--
0.00001	1091.7	1999.6	2843.1	4139.1	--undefined--
0.000004	530.6	1361.2	2683.6	3615.1	--undefined--
0.000003	546.1	1821.7	1891.3	3299.7	--undefined--
0.000003	565.3	1348.6	2258.6	3392.7	--undefined--
0.000002	540.5	1661.5	2336.1	3623.4	--undefined--
0.0000006	643.4	1613.4	2320.9	3336.8	--undefined--
0.00000003	1267.7	2452.5	3085.1	5444.5	--undefined--
0.00000003	1025.6	2192.7	3039.8	5443.7	--undefined--
0.00000003	1374.8	2140.3	3408.2	5445.4	--undefined--
0.00000003	1083.6	2196.7	3161.9	5445.0	--undefined--
0.00000003	1101.0	1925.5	2764.3	4934.1	5444.9
0.00000003	1276.4	2361.0	3296.3	5444.1	--undefined--
0.00000003	1105.9	2120.6	3011.5	5445.1	--undefined--
0.00000003	1082.0	2289.9	3374.4	5445.1	--undefined--
0.00000003	1200.6	2201.2	3253.0	5444.8	--undefined--
0.00000003	1163.9	1828.0	2914.8	4775.5	5445.4
0.00000003	1183.3	2311.9	3047.1	5444.4	--undefined--
0.00000003	1093.8	2088.1	3046.1	5445.5	--undefined--
0.00000003	1301.2	2343.9	3510.7	5444.8	--undefined--
0.00000003	759.2	2031.7	2983.6	4983.3	5445.2
0.00000003	1316.8	2419.7	3412.3	5444.9	--undefined--
0.00000002	1285.1	2019.1	2952.2	5445.5	--undefined--
0.00000002	860.3	2099.6	3121.6	5444.7	--undefined--
0.00000002	1140.1	2148.3	3199.1	5445.1	--undefined--
0.00000002	1494.0	2632.8	3075.8	5445.4	--undefined--
0.00000002	1159.9	2004.2	3184.8	5445.2	--undefined--
0.00000002	1362.1	2330.0	3313.0	5445.3	--undefined--
0.00000002	888.6	1973.9	3158.9	4740.1	5445.0
0.00000002	1206.4	2183.0	3119.2	5444.9	--undefined--
0.00000002	1254.4	2121.0	3188.4	5446.1	--undefined--
0.00000002	1146.8	2043.6	2827.9	4750.0	5445.3
0.00000002	1059.0	1999.2	2861.1	5445.3	--undefined--
0.00000002	1182.2	2115.8	3130.9	5445.1	--undefined--
0.00000002	937.7	1983.7	2914.1	4616.3	5446.1
0.00000002	1052.1	2247.1	3023.6	4994.9	5445.9
0.00000002	1298.1	2139.8	2761.7	4291.3	5445.3
0.00000002	1294.2	1767.4	2928.0	4986.2	5446.0
0.00000002	1430.8	2338.5	3230.1	5445.5	--undefined--
0.00000002	1209.8	2258.8	2906.6	4749.5	5445.4
0.00000002	1036.8	1954.9	3288.2	5210.9	5445.1
0.00000002	1343.3	2293.0	2781.6	5445.2	--undefined--
0.00000001	989.7	2036.2	2992.0	4717.7	5445.5
0.00000001	939.0	2156.4	2905.8	4325.1	5445.5
0.00000001	1450.2	2096.2	3199.6	5445.1	--undefined--
0.00000001	1297.5	2602.5	2918.5	5445.9	--undefined--
0.00000001	939.1	1917.1	3146.4	4447.4	5445.7
0.00000001	953.5	2044.4	2987.7	4931.2	5445.2
0.00000001	1543.8	1801.1	2907.8	4523.7	5445.3
0.00000001	1647.8	2560.7	2941.7	5445.2	--undefined--
0.00000001	1359.4	1938.1	3111.0	5444.4	--undefined--
0.00000001	1251.1	1590.7	3000.4	4167.2	5445.4
0.00000001	1162.9	1664.0	2979.1	4385.7	5446.1
0.000000009	1214.1	2106.3	3106.1	5446.0	--undefined--
0.000000009	1332.0	2028.6	3032.7	5444.0	--undefined--
0.000000009	1341.3	2219.5	3270.2	4929.6	5447.1
0.000000008	1333.7	2351.4	3147.3	5445.3	--undefined--
0.000000007	1137.4	2030.9	2983.4	4753.3	5445.8
0.000000007	1437.4	2040.1	3127.9	5444.7	--undefined--
0.000000006	975.9	2192.2	2993.7	5097.5	5445.4
0.000000006	888.4	1791.9	2904.0	4411.4	5447.6
0.000000005	1012.4	2501.2	3462.6	5445.0	--undefined--
0.000000005	1197.1	2066.9	2860.5	4429.9	5447.2
0.000000004	1531.3	2804.3	3688.4	--undefined--	--undefined--
0.00000001	1690.8	2811.3	3730.4	--undefined--	--undefined--
0.0004	501.8	1888.4	3007.3	3691.8	5035.2
0.004	2158.7	2894.5	3964.4	5110.8	--undefined--
0.007	84.3	1990.9	2708.7	3299.2	4725.6
0.024	276.8	2015.2	2664.5	3162.1	4887.2
0.028	386.1	2002.5	2922.0	3390.1	5311.4
0.025	445.5	2063.9	2343.7	3202.5	4712.6
0.035	491.8	1323.2	2419.5	3246.7	4491.4
0.059	890.8	1052.5	2347.1	3260.0	4534.9
0.057	756.1	1309.0	2505.2	3443.8	--undefined--
0.078	723.4	1331.8	2233.1	3288.6	--undefined--
0.058	717.3	1288.4	2136.5	3323.1	5007.9
0.050	726.3	1270.4	2039.6	3153.0	--undefined--
0.037	788.1	1374.8	2166.5	3206.3	--undefined--
0.039	715.8	1195.6	2142.3	3457.9	--undefined--
0.055	692.0	1039.1	2256.0	3482.5	--undefined--
0.056	698.1	967.7	2609.3	3506.3	--undefined--
0.043	677.8	979.5	2773.8	3918.2	--undefined--
0.031	620.2	948.7	2855.5	3947.9	--undefined--
0.032	663.2	1028.5	3418.4	3918.4	--undefined--
0.038	590.3	973.5	2642.0	3747.6	5100.6
0.096	723.9	1005.2	2897.9	4197.7	4765.9
0.107	881.0	1078.5	2877.1	3665.7	4947.6
0.109	918.3	1208.8	3160.9	3775.7	4732.8
0.111	917.5	1242.2	2919.3	3745.2	4289.7
0.118	951.7	1251.8	2929.1	3691.5	4282.5
0.276	1046.8	1145.4	2826.4	3593.1	4276.3
0.282	1065.8	1356.6	2845.4	3597.1	4190.9
0.252	1037.7	1392.4	2971.9	3655.5	4201.6
0.243	1015.3	1481.1	2995.6	3656.4	4169.4
0.279	1046.0	1616.9	2842.5	3603.2	4314.5
0.404	989.9	1676.4	2765.1	3587.2	4522.1
0.261	882.2	1890.6	2821.5	3493.2	4541.1
0.313	845.5	2148.6	2954.8	3638.8	4331.5
0.234	870.2	2153.8	2844.7	3487.4	4253.6
0.231	675.8	2217.6	2866.5	3773.2	4038.6
0.201	539.8	2514.6	2920.2	3824.9	4012.5
0.042	386.6	2223.9	2721.6	3619.2	4156.9
0.037	484.7	2306.1	2833.4	3599.5	4044.3
0.025	625.8	2197.4	2704.5	3774.2	4214.9
0.057	701.9	2055.1	2745.1	3543.3	4204.5
0.114	813.5	1846.9	2743.2	3323.2	4349.2
0.280	959.9	1802.7	2592.8	3309.2	4429.6
0.408	980.3	1989.8	2554.9	3224.7	4319.7
0.402	871.9	1794.2	2499.2	3324.8	4521.1
0.227	888.3	1827.2	2550.2	3066.1	4564.7
0.053	783.6	1748.9	2474.5	3164.9	4467.9
0.012	542.7	1660.0	2493.7	3444.3	4191.5
0.006	1166.4	2492.8	3339.9	4902.8	--undefined--
0.077	385.9	1849.3	2575.9	3399.6	4257.2
0.225	534.1	1991.2	2668.2	3515.1	4157.8
0.265	575.3	2027.1	2682.0	3568.3	3992.5
0.303	594.3	2051.0	2611.2	3583.2	3795.2
0.345	818.0	1916.6	2650.1	3724.2	3791.1
0.262	757.7	1786.1	2461.0	3628.6	4219.2
0.153	887.7	1589.8	2549.6	3735.5	4609.4
0.055	599.8	1605.3	2649.0	3745.5	--undefined--
0.016	893.7	1604.4	2605.4	3747.4	--undefined--
0.069	616.4	1680.2	2551.6	3771.8	5203.7
0.140	545.7	1836.4	2654.3	3785.8	4532.9
0.169	519.1	1980.8	2724.3	3791.7	4609.4
0.232	508.8	2003.5	2685.2	3809.2	4475.7
0.359	515.1	2061.1	2765.8	3771.9	4493.8
0.250	704.6	2149.6	2749.9	3718.2	4878.3
0.029	793.2	2348.2	2606.3	3867.3	5084.9
0.026	557.0	2184.1	3302.1	4023.3	--undefined--
0.033	2172.3	2926.8	3709.5	4802.2	--undefined--
0.040	354.1	2326.7	3452.6	4117.0	4709.2
0.041	381.7	2201.1	3437.8	3974.4	5163.9
0.113	496.7	2220.5	2839.0	3580.4	4812.7
0.138	526.7	2112.4	2720.4	3561.8	4685.1
0.151	499.1	2224.7	2727.2	3754.9	4193.6
0.216	650.9	2137.3	2754.1	3670.8	4399.5
0.148	570.9	2158.4	2648.6	3633.2	4388.3
0.196	358.6	2226.0	2638.6	3544.5	4292.8
0.020	479.9	2125.9	2814.2	3699.8	4870.2
0.002	496.4	2768.0	3592.6	3991.0	--undefined--
0.005	496.4	2044.3	3162.3	3857.2	4797.3
0.040	667.4	2842.4	3822.7	4705.2	4866.8
0.073	877.4	2878.5	3694.5	4251.3	--undefined--
0.092	2852.0	3797.0	4591.8	--undefined--	--undefined--
0.027	697.4	2746.2	3710.7	4527.8	--undefined--
0.029	254.8	2855.9	3632.0	4664.3	--undefined--
0.005	299.9	2638.0	3390.3	4548.4	--undefined--
0.009	319.2	2045.9	3163.2	3717.4	--undefined--
0.012	408.4	2174.7	3360.6	3600.0	--undefined--
0.069	470.0	2115.2	2410.7	3529.1	--undefined--
0.110	503.1	1938.6	2490.6	3393.6	5177.5
0.085	474.4	2033.8	2764.5	3467.0	--undefined--
0.070	445.6	1895.8	2790.0	3385.9	--undefined--
0.067	475.7	1870.2	2855.6	3300.8	--undefined--
0.034	497.0	1712.1	2260.6	3344.6	5288.4
0.021	479.7	1527.0	2576.1	3336.7	5103.3
0.016	474.7	1383.2	2316.0	3354.6	3855.5
0.005	521.1	1393.7	2351.3	3329.4	4478.8
0.003	432.6	1125.9	2242.3	3316.1	--undefined--
0.0005	1008.1	2236.6	3310.1	4577.0	--undefined--
0.0002	476.0	1383.6	2270.9	3296.2	4134.0
0.00008	792.3	2138.4	2966.3	3300.3	--undefined--
0.000010	1139.5	2116.3	3012.0	3360.2	--undefined--
0.0000009	513.1	1733.3	2372.9	3408.3	--undefined--
0.0000002	615.9	1967.3	3280.9	3876.4	--undefined--
0.0000002	470.3	2158.8	3407.2	3478.7	--undefined--
0.00000007	627.5	1337.9	2269.7	3356.9	--undefined--
0.00000005	704.4	984.2	2314.6	3204.8	--undefined--
0.00000009	575.2	1531.4	2357.8	3377.7	--undefined--
0.0000002	594.7	1666.6	2403.7	3543.7	--undefined--
0.0000004	826.4	2014.0	2533.0	3932.0	--undefined--
0.0000008	627.0	1857.3	2450.6	3550.8	--undefined--
0.000002	1610.1	2041.2	3138.0	3702.8	--undefined--
0.000003	1471.2	1853.9	2798.7	3742.7	--undefined--
0.000001	1474.2	2033.8	3140.6	3899.8	--undefined--
0.000002	472.2	2030.7	2735.3	3772.4	--undefined--
0.000001	1330.0	2129.5	2946.6	3954.9	--undefined--
0.000002	1213.2	2129.9	2899.0	3896.7	--undefined--
0.00002	513.7	1632.9	2630.0	3625.2	5409.3
0.005	308.4	2146.9	2958.3	3525.8	--undefined--
0.124	2068.3	2921.0	3274.6	4413.0	--undefined--
0.125	1164.1	2031.9	2970.5	3784.5	--undefined--
0.297	1835.7	2066.1	3104.7	3900.6	--undefined--
0.254	1487.2	2167.6	3157.0	3562.9	--undefined--
0.304	574.0	1952.5	2364.9	3321.0	3778.5
0.312	812.5	1795.8	2346.7	3382.9	4012.7
0.296	998.5	1767.7	2363.8	3343.7	3961.7
0.350	848.8	1557.3	2429.3	3564.1	3747.5
0.261	884.0	1719.9	2631.0	3580.3	4258.6
0.294	975.2	1629.0	2631.2	3569.7	4958.5
0.270	946.5	1627.7	2743.8	3568.7	4892.2
0.293	909.3	2117.9	2769.0	3529.3	4594.7
0.291	920.4	1855.1	2622.7	3374.5	4311.6
0.118	750.2	1809.4	2266.7	3148.2	4470.9
0.022	735.1	1527.3	2552.4	3394.7	4453.4
0.010	614.0	1635.9	2762.2	3418.5	4417.1
0.006	804.2	1704.9	2514.5	3226.1	4434.7
0.002	767.5	1800.2	2515.7	3123.3	4469.8
0.0009	675.5	1748.8	2734.8	3507.4	4583.4
0.0006	712.3	1706.7	2863.6	3803.3	--undefined--
0.0001	834.2	1514.7	3258.2	3686.1	--undefined--
0.004	812.6	1731.5	3400.4	4020.0	5165.7
0.024	819.0	2060.0	3319.3	4111.5	5203.6
0.047	912.8	2158.3	3423.8	4093.7	--undefined--
0.093	690.9	2147.6	3126.5	4424.8	--undefined--
0.072	710.6	1741.8	3294.1	3855.3	--undefined--
0.033	748.7	1855.3	3237.8	3786.8	--undefined--
0.176	747.9	1896.0	2627.6	3306.2	4666.4
0.244	801.9	1919.6	2597.0	3276.9	5211.7
0.211	763.9	1862.7	2361.2	3060.9	4611.4
0.134	763.6	1801.4	2246.2	3075.4	4539.2
0.144	763.9	1882.7	2350.2	3100.0	4583.3
0.155	769.2	1909.1	2495.4	3074.7	4611.5
0.127	767.2	1899.1	2405.7	3048.1	4628.3
0.098	765.6	1894.4	2579.8	2992.4	4661.0
0.071	754.2	1855.8	2262.9	3033.5	4657.3
0.090	765.1	1886.7	2304.3	3084.6	4635.3
0.115	757.3	1857.7	2556.0	3019.9	4620.2
0.328	771.6	1840.4	2604.3	3056.0	4915.0
0.391	759.2	1869.2	2624.0	3080.6	4945.0
0.338	769.0	1910.7	2638.7	3179.3	4848.3
0.347	763.2	2003.6	2589.7	3267.7	5109.6
0.268	733.3	1958.0	2498.8	3235.5	4744.7
0.083	965.3	2045.2	2559.0	3322.2	4590.9
0.064	637.7	1819.2	2576.9	3297.2	4433.1
0.024	641.4	1455.7	2519.1	3312.3	4365.7
0.626	697.3	1980.9	2501.1	3246.8	4201.0
0.402	653.2	2185.7	2677.2	3272.3	4776.5
0.207	552.0	2185.9	2818.7	3621.5	--undefined--
0.205	526.9	2180.4	2870.3	3743.4	--undefined--
0.265	560.2	2195.8	2868.0	2875.1	4609.5
0.283	609.6	2203.5	2854.0	3130.3	5396.4
0.453	716.4	2166.1	2605.8	2929.2	4928.0
0.460	775.3	2020.2	2548.7	2991.6	4887.8
0.414	796.6	1832.8	2512.7	3114.0	4770.3
0.076	1239.6	2190.9	2959.1	3881.6	--undefined--
0.010	1019.0	2161.9	2966.1	3551.5	--undefined--
0.011	1109.5	1923.8	2478.4	3040.8	4407.7
0.004	950.7	2186.4	2730.4	3292.5	--undefined--
0.002	738.1	1895.8	2550.0	3310.9	4357.1
0.0006	570.7	2084.3	2609.2	3232.8	4845.6
0.0001	592.3	1779.4	2961.0	3476.4	4951.3
0.008	711.5	1773.7	3010.0	3975.6	4934.6
0.009	341.9	1343.1	3179.0	4232.6	--undefined--
0.010	545.8	1037.6	2994.5	3394.0	4671.9
0.080	738.4	1744.2	3314.1	4296.9	--undefined--
0.178	909.1	1304.1	3230.3	4258.4	--undefined--
0.049	754.6	1186.7	2920.0	3396.8	4443.6
0.135	934.7	1144.9	2412.0	3216.7	4439.0
0.175	800.9	1131.7	2402.1	3205.9	4460.6
0.239	980.4	1160.2	2379.0	3238.0	4452.1
0.265	1163.5	2371.2	3286.2	3745.4	--undefined--
0.242	1149.2	2342.0	3191.2	4903.6	--undefined--
0.201	1146.5	2328.8	3254.0	--undefined--	--undefined--
0.192	1138.8	1417.3	2306.9	3340.7	--undefined--
0.143	1058.2	1349.5	2336.7	3269.4	4601.4
0.151	985.3	1445.3	2268.7	3106.3	4778.3
0.222	843.4	1999.4	2246.4	3005.7	4622.3
0.261	969.8	1537.4	2402.0	2939.4	4503.4
0.193	1090.3	2338.5	2533.5	4601.6	--undefined--
0.124	798.4	1657.9	2567.2	3188.5	4673.0
0.017	841.0	1556.7	2540.3	3022.2	4660.8
0.048	843.8	2024.9	2835.3	3895.9	4715.5
0.023	823.8	1827.7	2838.3	4007.9	--undefined--
0.053	1018.5	2293.8	3210.1	4221.5	--undefined--
0.076	1220.0	2175.9	3136.1	4098.5	--undefined--
0.125	1499.7	2752.9	3403.3	4165.2	--undefined--
0.564	685.5	1960.3	2696.1	3517.7	4135.6
0.360	649.8	2309.0	2923.5	3648.0	--undefined--
0.284	317.9	2269.1	2781.6	3587.3	4605.0
0.290	2238.2	2962.5	3615.7	--undefined--	--undefined--
0.273	2165.9	2791.8	3752.8	4677.7	--undefined--
0.205	190.9	2329.7	2695.4	3680.0	4766.2
0.135	255.1	2249.2	2885.9	3768.7	--undefined--
0.085	2110.1	2602.1	4048.3	5306.8	--undefined--
0.117	1982.1	2669.7	3930.2	5087.4	--undefined--
0.088	2445.3	3248.3	4176.8	5044.1	--undefined--
0.050	2288.0	3203.4	4340.2	5238.7	--undefined--
0.161	821.4	2463.7	3330.2	4182.8	5157.8
0.077	1700.3	2566.7	4126.5	4966.8	--undefined--
0.692	614.6	2000.6	2644.1	3517.0	--undefined--
0.545	894.3	1650.3	2516.4	3495.5	4509.0
0.325	880.9	1669.0	2570.1	3613.5	4035.8
0.177	908.9	1711.4	2577.9	3369.0	4466.5
0.096	958.6	1538.2	2864.5	3972.1	--undefined--
0.100	920.2	1478.3	2858.1	3973.3	--undefined--
0.176	967.2	1456.9	2770.2	3823.6	--undefined--
0.140	977.0	1405.6	2784.7	3835.5	--undefined--
0.187	987.3	1314.0	2852.9	3641.2	5294.9
0.127	951.5	1369.6	2735.8	3717.5	--undefined--
0.085	925.2	1356.1	3009.9	3736.3	--undefined--
0.107	1041.4	1290.8	2955.8	3769.6	--undefined--
0.148	900.6	1350.6	2864.1	3763.9	5322.1
0.101	987.1	1314.2	2956.7	3742.3	--undefined--
0.122	904.9	1236.4	2837.2	3746.9	--undefined--
0.051	849.3	1262.3	2790.2	3727.9	--undefined--
0.009	831.5	1298.0	2801.1	3652.2	--undefined--
0.002	959.8	1183.7	2774.5	3568.4	--undefined--
0.0008	822.0	1298.1	2954.3	3555.6	--undefined--
0.0004	789.4	1243.1	2797.8	3638.7	--undefined--
0.0002	839.8	1320.4	2860.2	3605.9	--undefined--
0.00002	667.6	1129.2	2841.8	3458.9	--undefined--
0.000009	352.5	1272.8	2477.5	3140.9	--undefined--
0.000007	371.6	1057.9	2221.1	3142.1	5448.3
0.000008	487.4	1069.5	2998.3	3325.7	--undefined--
0.000006	410.9	888.5	2905.6	3250.5	5448.1
0.000006	344.7	936.1	2530.3	3268.1	5448.7
0.00001	358.2	852.8	3023.3	3493.9	--undefined--
0.00001	783.5	2567.4	3558.1	--undefined--	--undefined--
0.00003	329.4	815.1	3047.2	4325.2	--undefined--
0.00002	352.3	847.8	2937.4	4166.1	--undefined--
0.00010	750.8	1514.5	2947.8	4060.0	--undefined--
0.0002	358.3	1227.8	3100.7	4012.7	--undefined--
0.003	384.8	500.7	3443.1	3613.7	4373.7
0.069	584.8	945.7	3076.4	3691.8	4574.4
0.109	610.8	1201.5	2957.3	3760.7	4534.0
0.158	799.6	1228.2	2870.7	3730.7	4138.5
0.266	881.5	1390.1	2689.1	3605.8	4076.3
0.455	1036.5	1639.1	2633.7	3485.1	4001.9
0.612	1136.7	1724.4	2558.3	3538.9	3772.0
0.441	941.8	1754.6	2511.2	3420.0	3930.1
0.663	1104.3	1814.8	2501.0	3302.9	3735.0
0.180	961.7	1862.0	2455.9	3205.4	3948.8
0.207	855.7	1947.6	2569.7	3563.8	4158.1
0.687	895.7	2244.4	2615.9	3944.6	4393.8
0.692	749.9	2574.5	3163.6	3966.6	4580.9
0.712	595.0	2505.7	3002.0	4134.8	4764.9
0.650	534.1	2513.1	2906.7	4185.4	4719.3
0.352	492.5	2579.2	3186.5	4172.1	4748.1
0.216	502.6	2344.8	3007.6	4215.9	4703.9
0.023	570.5	2170.2	3167.9	4080.5	4854.3
0.021	584.9	2150.7	4079.8	4686.7	--undefined--
0.039	491.3	1983.2	3608.5	4269.1	4865.7
0.022	573.0	2096.9	3675.0	4212.5	4887.2
0.048	545.1	2115.2	4237.8	4297.8	5038.4
0.015	750.8	2157.6	4227.8	4803.2	4913.2
0.016	683.4	1996.7	3942.2	4717.5	5129.3
0.008	583.4	1857.7	4009.2	4274.8	4977.7
0.005	648.4	2219.3	4271.4	4969.1	--undefined--
0.018	708.4	1744.5	3935.2	4541.4	5000.5
0.107	473.8	1746.4	3609.9	4152.2	4862.5
0.129	733.4	1514.6	3422.8	3966.2	4460.3
0.208	726.1	1461.6	2764.6	3939.2	4421.0
0.143	740.2	1471.0	2808.3	3730.4	4111.0
0.087	760.8	1276.3	2869.0	3760.0	4424.9
0.045	771.4	1120.8	2929.3	3610.8	4382.0
0.044	779.5	1276.6	3126.1	3640.4	4467.2
0.032	776.2	948.3	3183.1	3636.1	4558.8
0.024	644.4	858.1	3087.8	3702.2	4445.9
0.013	756.9	1188.0	3094.6	3789.8	4725.1
0.005	863.5	1362.9	2967.4	3721.3	5099.5
0.006	774.5	1181.7	2994.9	3775.0	5007.0
0.014	745.0	2399.7	4103.8	5041.4	--undefined--
0.018	769.9	2343.5	3859.4	4544.6	--undefined--
0.039	702.1	1926.2	3867.8	4414.4	--undefined--
0.001	461.0	1935.5	3878.9	4336.0	--undefined--
0.001	724.3	2189.3	4268.3	5019.7	--undefined--
0.001	755.6	2133.6	4049.8	4085.6	4865.8
0.001	610.8	2125.3	3741.0	4081.3	5106.9
0.002	571.4	2037.3	3388.1	4389.3	5119.8
0.002	627.5	2070.8	3789.2	4424.3	5061.2
0.003	866.8	2102.4	3916.3	4434.2	4970.9
0.0010	603.6	2187.5	3659.6	4420.5	5136.9
0.003	297.1	2035.8	3866.3	4477.4	5069.8
0.001	671.4	1979.8	3640.1	4665.6	5101.0
0.00005	630.3	2038.3	4311.0	4820.2	--undefined--
0.006	628.2	1774.6	3724.2	4915.5	--undefined--
0.164	448.8	2261.5	3591.7	4312.5	4569.0
0.408	589.9	2276.4	3837.0	4351.1	--undefined--
0.512	602.2	2155.8	2756.9	3813.8	4368.9
0.544	645.5	2139.9	2627.4	3658.2	4300.1
0.605	727.6	2001.4	2634.4	3636.5	4090.5
0.318	754.3	1780.9	2231.1	3445.3	3817.6
0.239	770.3	1705.8	1923.0	3404.3	3892.5
0.175	756.8	1651.3	1949.4	3512.6	4026.5
0.106	685.9	1782.0	2138.3	3467.0	4110.8
0.203	661.9	1811.1	2180.2	3604.4	4547.7
0.145	820.9	1865.0	2275.4	3704.1	4611.6
0.040	673.3	1735.5	2110.4	3462.9	4534.9
0.009	738.5	1699.7	2179.7	3481.0	4590.6
0.009	737.7	1754.6	2114.0	3607.4	4553.6
0.003	693.5	1742.9	2207.9	3609.5	4623.1
0.003	685.6	1855.1	2196.6	3584.6	4543.0
0.002	621.9	1281.0	2168.3	3841.6	4774.8
0.016	659.9	1163.5	2835.8	3756.3	4615.5
0.041	626.6	1089.4	2941.6	3816.1	4732.6
0.021	599.6	1016.9	3124.7	3802.8	4788.1
0.012	746.0	1051.6	3226.1	3845.2	4796.0
0.010	638.2	925.7	3336.0	3900.9	4881.4
0.014	569.5	935.3	3262.7	3885.6	4970.6
0.004	656.9	951.7	3272.0	3866.0	5039.0
0.0008	652.2	1044.8	3071.4	3838.5	4930.5
0.0002	696.3	739.7	2888.9	3672.9	4612.2
0.00008	669.1	1129.6	3158.1	3603.2	4958.9
0.00002	623.9	1609.5	3014.7	3842.1	4890.4
0.00004	736.4	2155.0	2876.1	3925.1	4847.8
0.00004	891.6	2373.5	3169.7	4557.3	--undefined--
0.00004	674.1	1949.7	3798.6	4815.4	--undefined--
0.00004	1030.4	2092.9	3840.7	4732.8	--undefined--
0.0001	1025.5	1985.1	3808.0	4751.0	--undefined--
0.012	1080.1	2698.8	3154.4	4122.5	4746.0
0.015	2286.4	3319.6	4284.2	5151.2	--undefined--
0.027	268.3	1929.9	2298.0	3973.0	4886.3
0.019	254.7	1928.6	2493.6	3855.3	4877.2
0.009	271.4	2081.4	2566.0	3858.8	5119.1
0.008	263.1	2100.7	2651.1	4009.6	--undefined--
0.021	318.2	2422.8	2709.4	4236.9	--undefined--
0.055	303.1	2429.7	2563.2	3415.5	4611.4
0.090	360.5	2052.4	2689.3	3479.7	4309.0
0.286	375.9	2100.3	2464.9	3385.4	4387.7
0.110	544.1	1875.1	2479.2	3454.6	--undefined--
0.123	588.4	1413.9	2489.5	3410.7	4744.1
0.079	624.0	1242.6	2476.1	3438.3	4846.7
0.109	663.3	1266.6	2422.8	3245.3	4494.1
0.126	878.5	1251.9	2505.5	3138.5	4541.4
0.131	907.7	1268.1	2614.8	3010.0	4071.8
0.140	936.2	1560.4	2722.1	3403.6	4113.3
0.141	904.4	1557.6	2692.4	3305.7	4167.5
0.128	868.7	1739.8	2699.8	3252.9	3976.0
0.042	681.8	1698.4	2728.7	3412.8	4051.1
0.006	581.7	1517.9	2713.9	3093.6	4284.7
0.006	851.6	2168.4	2872.0	3894.3	--undefined--
0.007	508.4	1705.5	2822.0	3734.2	4513.8
0.020	635.6	1579.6	2728.7	3555.8	4360.9
0.076	582.1	2093.3	2855.1	3048.0	4402.9
0.024	562.2	1679.2	2349.3	3923.7	4368.0
0.012	559.7	1509.6	2476.0	4161.3	4794.2
0.064	732.8	1913.3	4024.4	4706.0	--undefined--
0.086	983.7	2524.6	4226.5	4799.6	--undefined--
0.052	547.9	2109.4	4052.4	4510.7	4932.0
0.037	581.2	2067.6	3827.0	4420.2	5299.3
0.037	630.4	2503.6	3846.9	4284.1	4923.6
0.022	525.8	2122.0	3779.4	4475.6	5302.2
0.002	848.0	2248.8	4032.4	4594.7	--undefined--
0.004	832.5	1968.1	3854.5	4618.0	--undefined--
0.017	661.5	1731.9	3683.5	4505.8	--undefined--
0.047	574.5	1646.4	2602.5	4264.5	--undefined--
0.091	585.5	1591.2	2159.4	3691.9	4606.4
0.118	754.4	1523.7	2503.9	3549.6	4290.9
0.130	828.1	1636.5	2618.7	3508.5	4281.1
0.078	843.1	1508.6	2701.9	3512.4	4227.1
0.057	834.7	1386.0	2793.2	3771.6	4404.3
0.060	823.2	1377.2	2897.9	3799.7	4382.3
0.064	804.9	1128.1	2833.6	3908.0	4625.0
0.031	882.8	943.9	2889.8	3770.8	4722.8
0.053	587.5	1126.1	2900.9	3637.4	4887.8
0.019	601.1	1152.2	2749.2	3591.0	4962.9
0.025	555.5	1147.6	2854.8	3548.4	4716.5
0.094	743.6	1018.6	2778.5	3558.9	--undefined--
0.086	759.3	1235.4	2853.5	3559.4	--undefined--
0.050	746.5	1230.2	2950.5	3523.4	--undefined--
0.073	783.4	1240.5	2897.9	3535.7	5343.9
0.081	775.9	1248.9	2826.4	3627.8	--undefined--
0.093	798.0	1312.4	2838.1	3732.7	--undefined--
0.137	843.6	1294.4	2876.7	3876.9	4170.1
0.122	894.6	1282.0	2848.9	3592.7	4211.6
0.191	1031.8	1296.5	2964.0	3836.1	4302.4
0.295	953.1	1384.6	2854.3	3547.3	4142.1
0.285	970.5	1491.5	2825.8	3635.0	3974.8
0.312	881.4	1635.0	2746.5	3577.7	4326.4
0.286	861.1	1839.5	2724.9	3648.2	4473.1
0.131	723.6	1789.2	2529.0	3630.9	4197.1
0.121	609.3	1949.5	2498.5	3669.8	3869.8
0.121	559.5	1957.5	2479.0	3702.5	4326.0
0.085	564.1	2070.2	2467.6	3755.2	4253.8
0.014	484.7	2038.4	2793.5	3146.9	4557.2
0.002	773.7	2195.1	2549.9	3793.8	5229.4
0.0007	552.7	2072.2	2847.1	3933.9	5101.6
0.0003	805.0	2337.2	2989.3	4400.6	--undefined--
0.0002	673.0	2297.6	2771.8	4217.0	5096.5
0.0001	978.3	2484.1	3403.6	4637.3	--undefined--
0.00003	720.2	2170.8	3142.3	4148.6	5221.4
0.000003	764.7	2242.5	3030.7	4442.4	--undefined--
0.000008	671.4	1827.8	3082.9	4388.6	--undefined--
0.00000001	967.3	1778.5	2830.6	4455.1	5445.5
0.000000009	1035.2	1825.4	2701.5	4580.5	5446.4
0.000000007	1290.5	2225.6	3150.5	5448.1	--undefined--
0.000000005	1311.6	2004.5	2832.9	4443.1	5448.0
0.000000004	1449.2	2337.7	3366.9	--undefined--	--undefined--
0.000000004	1246.8	2025.7	2659.8	4170.2	5447.4
0.000000003	1584.9	2211.9	3504.4	--undefined--	--undefined--
0.000000002	1089.4	2164.5	2714.8	4046.5	5447.0
0.000000002	940.6	1984.6	2934.8	4221.3	--undefined--
0.000000001	1374.8	1856.9	3060.6	4246.6	--undefined--
0.0000000008	1133.5	2201.5	3306.1	--undefined--	--undefined--
0.0000000006	1395.3	1824.3	3075.9	--undefined--	--undefined--
0.0000000004	1060.0	2062.6	2913.7	4336.0	--undefined--
0.0000000003	1040.9	2399.0	3307.2	4376.6	--undefined--
0.0000000002	1449.2	2337.3	3304.3	4906.9	--undefined--
0.00000000006	989.3	1900.7	2949.0	4671.6	--undefined--
0.0000000001	1375.8	2428.6	3057.5	4629.1	--undefined--
0.0000000002	1097.9	2224.5	3109.8	4736.3	--undefined--
0.0000000002	1310.5	2202.4	3327.8	4874.5	--undefined--
0.0000000004	1295.7	2195.9	3080.1	4722.3	--undefined--
0.0000000005	1087.5	2063.1	3008.1	4429.7	--undefined--
0.0000000007	1026.9	2235.5	3215.3	5161.7	--undefined--
0.0000000008	1110.7	2090.5	3211.5	--undefined--	--undefined--
0.000000001	859.9	1517.3	2701.0	3707.1	--undefined--
0.000000001	1170.7	1904.8	2950.4	4350.4	--undefined--
0.000000001	1377.7	2285.2	3370.0	--undefined--	--undefined--
0.000000002	1093.5	2027.5	2903.6	4585.0	--undefined--
0.000000002	1447.1	2383.3	3192.7	5448.7	--undefined--
0.000000002	1888.4	2716.5	3680.8	--undefined--	--undefined--
0.000000002	1140.7	1988.9	2781.1	4429.1	--undefined--
0.000000002	837.9	1592.9	2836.6	4209.9	--undefined--
0.000000003	1181.8	1823.1	2927.6	4199.4	5449.9
0.000000003	1219.3	1416.8	2421.4	3927.6	5446.7
0.000000003	1255.8	1665.2	2879.9	4505.7	5447.1
0.000000004	1329.5	2257.6	3113.1	5444.9	--undefined--
0.000000004	1084.7	1889.5	3023.3	4256.6	5446.0
0.000000004	1630.5	2331.4	3234.9	5445.9	--undefined--
0.000000005	1071.9	2066.8	2989.0	4763.3	5447.3
0.000000005	1214.9	2060.8	2786.2	4303.9	5445.7
0.000000005	927.3	1866.2	2677.8	4329.8	5444.0
0.000000006	1142.0	2336.7	3147.9	4024.6	5447.7
0.000000006	1126.7	2166.0	3277.6	4083.7	5444.8
0.000000007	1571.0	2466.2	3736.6	5445.4	--undefined--
0.000000008	1376.4	2240.7	3128.0	5445.1	--undefined--
0.000000008	1044.8	2153.0	3101.9	5445.2	--undefined--
0.000000009	972.8	2345.2	3053.2	3921.0	5445.3
0.000000009	1054.9	1883.0	2754.3	4508.2	5445.7
0.00000001	1092.5	2017.0	3179.7	5445.2	--undefined--
0.00000001	1193.2	2157.0	3067.7	5445.5	--undefined--
0.00000001	1041.6	1924.6	2872.1	4711.6	5445.5
0.00000001	1080.4	2154.9	3061.1	5444.7	--undefined--
0.00000002	1227.1	2036.9	2708.9	4613.4	5445.3
0.00000002	1000.0	2224.2	3204.1	5445.3	--undefined--
0.00000002	1106.1	1974.2	2882.8	4681.2	5446.1
0.00000002	1246.3	2335.9	3095.9	5444.8	--undefined--
0.00000003	960.1	1929.0	2740.1	4677.5	5445.3
0.00000003	1167.4	2019.0	2820.8	5445.3	--undefined--
0.00000004	1370.2	2352.7	3172.8	5444.8	--undefined--
0.00000005	1298.4	2518.0	3253.2	5444.5	--undefined--
0.00000006	918.4	1942.6	3074.8	5444.8	--undefined--
0.0000005	586.1	1162.8	2643.2	4002.1	--undefined--
0.000002	1136.9	2009.6	3207.7	4331.7	--undefined--
0.000004	907.3	1796.4	2776.2	3553.8	--undefined--
0.00003	657.8	1928.8	2752.9	4022.7	--undefined--
0.004	1215.5	2210.0	3169.1	4046.1	--undefined--
0.011	2204.8	3556.7	4150.1	5070.0	--undefined--
0.029	1922.6	2464.0	3494.9	5108.4	--undefined--
0.031	1767.0	2145.1	3443.1	--undefined--	--undefined--
0.030	507.9	1655.3	2311.9	3254.2	5338.4
0.020	1229.8	2274.8	3297.1	4638.6	--undefined--
0.019	443.2	1714.5	2407.5	3331.8	--undefined--
0.027	332.9	2020.6	2491.4	3368.4	5355.5
0.041	187.8	2241.1	2552.8	3449.1	5059.7
0.037	289.2	2282.9	2862.7	3416.8	5259.6
0.032	236.0	2266.9	3027.9	3629.0	4693.5
0.011	334.8	2346.8	3109.7	3701.2	5056.4
0.015	298.3	2279.3	3022.4	3499.6	--undefined--
0.034	266.2	2252.2	2810.9	3396.9	4733.4
0.037	280.6	2174.1	2551.4	3448.7	4448.2
0.039	309.3	2083.2	2460.6	3538.3	4399.9
0.057	348.4	1974.2	2375.5	3449.1	4220.2
0.056	423.6	1931.7	2388.3	3499.9	4249.7
0.043	513.6	1698.1	2435.1	3513.9	4421.3
0.013	516.7	1546.6	2494.7	3505.5	--undefined--
0.009	580.2	1317.6	2541.0	3506.4	--undefined--
0.017	598.5	1306.0	3034.3	3588.0	--undefined--
0.023	624.0	1304.6	3149.8	3603.1	--undefined--
0.024	636.0	1292.4	2857.9	3568.9	--undefined--
0.015	591.0	1137.6	2813.9	3489.9	--undefined--
0.004	524.7	1136.8	2767.5	3472.0	--undefined--
0.003	518.8	1021.2	2957.1	3716.5	--undefined--
0.0009	400.7	1073.9	2501.7	3334.8	--undefined--
0.00009	473.5	873.3	2027.9	3289.5	--undefined--
0.000003	630.6	1916.7	3062.1	3291.3	--undefined--
0.0000005	414.1	1155.2	2119.4	3314.2	--undefined--
0.0000003	734.9	1543.8	1982.7	3175.7	--undefined--
0.0000002	658.1	1359.8	1952.8	3152.7	--undefined--
